{
  "prod": [
    {
      "id": 1,
      "proName": "Scissors",
      "prodescription": "use this to cut stuff",
      "price": 4.99
    },
    {
      "id": 3,
      "proName": "Skewers",
      "prodescription": "use this to roast food",
      "price": 23.45
    },
    {
      "id": 4,
      "proName": "Baking tray",
      "prodescription": "use this to bake food",
      "price": 33.45
    },
    {
      "id": 5,
      "proName": "Data",
      "prodescription": "use this to store data",
      "price": 53.45
    },
    {
      "id": "2",
      "proName": "Redmi",
      "prodescription": "64 gb ",
      "price": "12000",
      "ram": "544",
      "rom": "60",
      "processor": "564",
      "length": "4",
      "battery": "324"
    },
    {
      "id": "23",
      "proName": "Few",
      "prodescription": "fsz",
      "price": "23"
    },
    {
      "id": "234",
      "proName": "Yash",
      "prodescription": "nigam",
      "price": "44",
      "ram": "gwqjkedhgwq"
    }
  ]
}