{
  "prod": [
    {
      "id": 1,
      "proName": "scissors",
      "prodescription": "use this to cut stuff",
      "price": 4.99
    },
    {
      "id": 2,
      "proName": "Seak knifes",
      "prodescription": "use this to eat food",
      "price": 10.99
    },
    {
      "id": 3,
      "proName": "skewers",
      "prodescription": "use this to roast food",
      "price": 23.45
    },
    {
      "id": 4,
      "proName": "baking tray",
      "prodescription": "use this to bake food",
      "price": 33.45
    },
    {
      "id": 5,
      "proName": "data",
      "prodescription": "use this to store data",
      "price": 53.45
    },
    {
      "id": 6,
      "proName": "fitbit",
      "prodescription": "use this to track fitness",
      "price": 43.45
    },
    {
      "id": 7,
      "proName": "data",
      "prodescription": "use this to store data",
      "price": 53.45
    },
    {
      "id": 8
    }
  ]
}